model,fold,n,log_loss,brier
baseline_elo,0,10,0.9329819023674197,0.5454039675436823
baseline_elo,1,10,0.8809851847968979,0.5143878368357884
baseline_elo,2,10,1.0951447251376893,0.6733999672434696
baseline_elo,3,10,1.124208756133412,0.6566355634843182
baseline_elo,4,10,1.090283868928024,0.6475691172119367
baseline_elo,5,10,0.9630844312103729,0.5669103013200693
baseline_elo,6,10,0.8958562042020362,0.5318025810368224
baseline_elo,7,10,0.9295962335483081,0.5504314821157166
baseline_elo,8,10,1.0710786477629455,0.6563429352168306
baseline_elo,9,10,1.0898253498556747,0.6503999110090376
baseline_elo,10,10,1.15415874277991,0.6942317586337527
baseline_elo,11,10,1.2656610261942156,0.7649830591000063
baseline_elo,12,10,0.9203671777002776,0.5455650873991429
baseline_elo,13,10,0.8000022418868398,0.4571085615547329
baseline_elo,14,10,1.017199711225814,0.6088870616956932
baseline_elo,15,10,1.2030078549070808,0.7673475184086931
baseline_elo,16,10,1.1784949780854928,0.7462898053218029
baseline_elo,17,10,0.9441942079670863,0.5583183542275771
baseline_elo,18,10,1.047031111791491,0.6331242541433107
baseline_elo,19,10,0.9820014401712175,0.6107236250612254
baseline_elo,20,10,0.9706307051622319,0.5783161021398273
baseline_elo,21,10,0.7876330097698062,0.46227223988099597
baseline_elo,22,10,1.0628806984874228,0.632044851588194
baseline_elo,23,10,1.0648215928812241,0.6521420721252508
baseline_elo,24,10,0.8280531196422144,0.4921687384981198
baseline_elo,25,10,1.4508162294777782,0.7770791211617057
baseline_elo,26,10,0.8458079693484117,0.4883566339196698
baseline_elo,27,10,0.8769146850821127,0.514701811248518
baseline_elo,28,10,0.9568469904486919,0.5683035099740816
baseline_elo,29,10,0.9490644379510084,0.5454144327217934
baseline_elo,30,10,1.0027868116206518,0.5874407116888629
baseline_elo,31,10,0.9600378281924582,0.6189150552966309
baseline_elo,32,10,0.9206398724781476,0.5585718780054945
baseline_elo,33,10,0.7700085520757785,0.44980832694288403
baseline_elo,34,10,1.1692811316616245,0.6997141763519117
baseline_elo,35,10,1.1642996496447053,0.7636496534788734
baseline_elo,36,10,0.7609244280359235,0.42655852708088415
baseline_elo,37,10,1.0140722036012089,0.6170555444643051
baseline_elo,38,10,0.9054307946232594,0.5241972744173667
baseline_elo,39,10,1.0921314580396753,0.6382136438331505
baseline_elo,40,10,1.0279986451138519,0.6141367555425381
baseline_elo,41,10,0.8778742604626719,0.5076032495779024
baseline_elo,42,10,1.165757545925913,0.7076477493353645
baseline_elo,43,10,1.093500010811517,0.6731401439571725
baseline_elo,44,10,0.8354579985891755,0.4846809833843073
baseline_elo,45,10,1.0456871037649835,0.6013145792213883
baseline_elo,46,10,0.9909709559159939,0.5925380238004295
baseline_elo,47,10,0.8623691112099451,0.49219023495632286
baseline_elo,48,10,0.9217921485411239,0.5392732222387904
baseline_elo,49,10,0.9857475970142229,0.5786971294732266
baseline_elo,50,10,0.9146677790301059,0.5381881246679757
baseline_elo,51,10,1.0787884086509298,0.6666300887226949
baseline_elo,52,10,0.941098606720509,0.5609884915958817
baseline_elo,53,10,0.8471605000962091,0.49119979066058644
baseline_elo,54,10,0.9204976406883485,0.5495231781904929
baseline_elo,55,10,0.9365029841133439,0.5572398744732505
baseline_elo,56,10,1.260595469574896,0.8064400532822971
baseline_elo,57,10,1.011023393309487,0.6043770127255093
baseline_elo,58,10,1.1250059501760679,0.7115942626171371
baseline_elo,59,10,1.336642982147532,0.8598995531223664
baseline_elo,60,10,1.2329128640846982,0.7415761462902652
baseline_elo,61,10,0.9462085772864052,0.5506854098979619
baseline_elo,62,10,0.9376498838389417,0.5565580045321656
baseline_elo,63,10,1.2164001647387785,0.7402473326993381
baseline_elo,64,10,1.0432182975277748,0.6771897707641766
baseline_elo,65,10,0.9270127209789255,0.5322476801093063
baseline_elo,66,10,1.1644762749622548,0.718073920161838
baseline_elo,67,10,1.2016162274170363,0.7624515031275274
baseline_elo,68,10,1.049758408540709,0.6396495464379505
baseline_elo,69,10,1.2071929436208082,0.6934607785317802
baseline_elo,70,10,0.9190256822492984,0.5458318376148334
baseline_elo,71,10,0.7940291905294867,0.4611038447391412
baseline_elo,72,10,1.1248371481302741,0.6779745152598047
baseline_elo,73,10,0.9661452884290659,0.5748684810730159
baseline_elo,74,10,0.9692457696450436,0.5778274243160554
baseline_elo,75,10,1.1941340833511862,0.7159432743287306
baseline_elo,overall,760,1.015937481342948,0.6089181450633112
log_reg,0,10,2.90014646101618,1.337967286423295
log_reg,1,10,1.0197681715218945,0.6158861007658303
log_reg,2,10,1.22227837903283,0.6677380311557578
log_reg,3,10,1.0817533997510622,0.6158467156940054
log_reg,4,10,1.2225798450104315,0.7487313070007767
log_reg,5,10,1.0139143827343338,0.5964898068401547
log_reg,6,10,0.8474561960488378,0.5224549458469905
log_reg,7,10,0.8929591005950016,0.5460096844405921
log_reg,8,10,1.0047997080226618,0.633085885725847
log_reg,9,10,1.0548736318844385,0.6454833243218729
log_reg,10,10,1.2244251703216804,0.7441906474623277
log_reg,11,10,1.3868220623979564,0.8242368942605631
log_reg,12,10,0.8419246896998805,0.5039716496589254
log_reg,13,10,0.7558585922844478,0.44783492917484863
log_reg,14,10,0.9657048466968281,0.5848153158289485
log_reg,15,10,1.3353418086975424,0.8650808255187199
log_reg,16,10,1.319874282381925,0.8028181941975847
log_reg,17,10,1.0360655803587198,0.6368401671866157
log_reg,18,10,0.9153414640432699,0.5469080639550069
log_reg,19,10,0.8750002211151802,0.5508593894737324
log_reg,20,10,0.9666654929721614,0.5813852904513364
log_reg,21,10,0.8235765477298669,0.480321892180923
log_reg,22,10,1.0783233380893855,0.6172585240418128
log_reg,23,10,1.3212120512608596,0.8211182129762424
log_reg,24,10,0.6235965305102049,0.3604315733109628
log_reg,25,10,1.34446681267171,0.7230387696367298
log_reg,26,10,0.880970009100157,0.5047622835701951
log_reg,27,10,1.022663474763154,0.6000246547291402
log_reg,28,10,1.0054235476598277,0.586101513072823
log_reg,29,10,0.9380931624732332,0.5622857872942713
log_reg,30,10,0.9960342606201186,0.5802292385505221
log_reg,31,10,1.0791039265513642,0.6811557799754474
log_reg,32,10,1.0368270174857206,0.6252211707370133
log_reg,33,10,0.7483561362705659,0.45147418058355937
log_reg,34,10,1.216448197252158,0.7195765294494926
log_reg,35,10,1.2724487412453942,0.8024719463649415
log_reg,36,10,0.9265992055034763,0.5262947171880189
log_reg,37,10,1.0636675051635687,0.6254456696241487
log_reg,38,10,1.5202427781006391,0.7520057704930881
log_reg,39,10,1.2106947146543459,0.7380356206591068
log_reg,40,10,1.017832858724462,0.5781001528938954
log_reg,41,10,0.9067248235440042,0.5373749094285492
log_reg,42,10,1.010342682145051,0.6037814508655794
log_reg,43,10,0.98750070415285,0.5892438034030715
log_reg,44,10,0.8454120400179713,0.49526313517817677
log_reg,45,10,1.0576496848263857,0.626511574741718
log_reg,46,10,1.0762574829839044,0.6589128646618034
log_reg,47,10,1.0358737258665118,0.5944066856485188
log_reg,48,10,1.0722022300630614,0.6414137288029053
log_reg,49,10,1.0105138891995185,0.6185953478304805
log_reg,50,10,0.9479055790290317,0.5764031779521436
log_reg,51,10,1.1786673657738587,0.6904020710826071
log_reg,52,10,0.9657439157166529,0.5422851441482063
log_reg,53,10,0.8074046745139192,0.47084604830136134
log_reg,54,10,0.8274708592071418,0.4788919275077245
log_reg,55,10,1.017074124956542,0.5910343370081014
log_reg,56,10,1.1629801036079557,0.7341515866177578
log_reg,57,10,1.113460078463172,0.6724714649335943
log_reg,58,10,1.2295933520293854,0.7722595489815726
log_reg,59,10,1.5295904359935206,0.9312071992023018
log_reg,60,10,1.2828656878240234,0.7731183176125238
log_reg,61,10,0.7773586213206791,0.43899111936877955
log_reg,62,10,1.0025894501981611,0.5936279980171795
log_reg,63,10,1.2602803695967992,0.7841546431387718
log_reg,64,10,1.1839246966607175,0.730683869076288
log_reg,65,10,0.9239683683734153,0.5484002582617813
log_reg,66,10,1.0782015523855644,0.6633016135442473
log_reg,67,10,1.3513865355211983,0.8052785794786104
log_reg,68,10,1.067380505765001,0.6417561260816212
log_reg,69,10,1.1686919703009828,0.6819121499142453
log_reg,70,10,0.967509357975565,0.5871662570916245
log_reg,71,10,0.8079812547013443,0.46829406468117013
log_reg,72,10,1.0235898110494155,0.6151972415464503
log_reg,73,10,1.1038563534143928,0.6633268176054062
log_reg,74,10,0.947475973654246,0.557689576170979
log_reg,75,10,1.3929648568859887,0.8749612011880045
log_reg,overall,760,1.0806911502649397,0.6395697931814464
rf,0,10,0.958035065654759,0.5685143668299553
rf,1,10,0.8505926202306128,0.4904006580346092
rf,2,10,1.144027247797047,0.6857725599582245
rf,3,10,0.982423194748112,0.5748135098371556
rf,4,10,1.0580095599065162,0.6244978477975012
rf,5,10,0.9758885969664546,0.5862267467968499
rf,6,10,0.9428017399665609,0.5768637289822489
rf,7,10,0.9984756151937644,0.5928228417490867
rf,8,10,0.9842219255922198,0.6056686786344421
rf,9,10,1.150474061277316,0.7018346831687852
rf,10,10,1.1396017993487122,0.6622135201830067
rf,11,10,1.1914634529083474,0.7268428049581952
rf,12,10,1.0079817581469788,0.617464590961611
rf,13,10,0.8631216976530001,0.4942865393069954
rf,14,10,0.9984946822313896,0.5963373923492012
rf,15,10,1.2262492642052654,0.7593348449274249
rf,16,10,1.2906922381981938,0.8153164151753348
rf,17,10,0.9943107426710975,0.5883882359684772
rf,18,10,1.079354592025555,0.6589974998507026
rf,19,10,1.1092561288485263,0.677958244671348
rf,20,10,0.9512281289741308,0.5540502522975984
rf,21,10,0.921838343219392,0.5452073854699475
rf,22,10,1.1027553829701078,0.6229916661968142
rf,23,10,1.2104099757121047,0.7537384143343938
rf,24,10,0.7732947425661347,0.45159331929264546
rf,25,10,1.3276544336038199,0.7827844095698449
rf,26,10,0.8928021139330842,0.5062341433222624
rf,27,10,0.8957595586060672,0.5210626647112973
rf,28,10,0.9108043162511288,0.5335294949388796
rf,29,10,1.0373769266301864,0.6105630364409926
rf,30,10,0.892736192377862,0.5055621683580735
rf,31,10,0.9906735259695079,0.5990254231744545
rf,32,10,0.960967142909287,0.5698727711328095
rf,33,10,0.8127934570837363,0.4710316345135658
rf,34,10,1.1574089164024879,0.692729752836743
rf,35,10,1.2157374923313438,0.7586279986798361
rf,36,10,0.8353085390932391,0.4924319238446221
rf,37,10,0.9636583418922122,0.5824653900591981
rf,38,10,1.0376623210127343,0.6113132790038128
rf,39,10,1.160491251275517,0.707797096263083
rf,40,10,1.0164489730343818,0.6020771722482541
rf,41,10,0.8743469723809971,0.5085967143948381
rf,42,10,1.1312482058749282,0.676253704782248
rf,43,10,1.0387961737220344,0.6389735054000457
rf,44,10,0.8747789133933365,0.510142645904102
rf,45,10,0.9794029383708784,0.5771959778998313
rf,46,10,0.9084040265899713,0.5329805751903043
rf,47,10,0.9008069084179715,0.5184900937461177
rf,48,10,0.9616217915852496,0.5667641988026462
rf,49,10,1.0057675727769833,0.5950389303905729
rf,50,10,0.8996616697336852,0.5363431095463357
rf,51,10,1.1715214929059448,0.7104506437871634
rf,52,10,0.950635268691362,0.5690810922693532
rf,53,10,0.8398020326857114,0.48284224197946113
rf,54,10,0.9694515881428677,0.581573773505977
rf,55,10,0.9696780618179002,0.5763279388538168
rf,56,10,1.2790164612887513,0.8138119117909515
rf,57,10,1.0312767268300647,0.618785724337915
rf,58,10,1.090646204625234,0.6996264931191779
rf,59,10,1.4230421069065065,0.8904824439226451
rf,60,10,1.276296108481027,0.7806513402642826
rf,61,10,0.8630106190675855,0.4981813000572621
rf,62,10,0.9806372175047974,0.5783012650415101
rf,63,10,1.1689496806915183,0.7184700415829778
rf,64,10,1.113727468427228,0.6866616506061122
rf,65,10,0.9218145732011992,0.5326460058765774
rf,66,10,1.2827014686480374,0.7935070581934832
rf,67,10,1.1997318570117865,0.7564290437219545
rf,68,10,1.0797074313020274,0.650993218158163
rf,69,10,1.1179606665649764,0.6657797151846306
rf,70,10,0.972322092581751,0.5853130680571295
rf,71,10,0.8699059043024148,0.5085894911068148
rf,72,10,1.1892100147817106,0.726423468634902
rf,73,10,1.0056013218208641,0.6005460223041914
rf,74,10,0.8789484667311941,0.5127972639400216
rf,75,10,1.2301713417139237,0.7585170574869788
rf,overall,760,1.0324195711709383,0.6189054452193523
rf_tuned,0,10,0.9754804814342709,0.5819528358347918
rf_tuned,1,10,0.876623103541853,0.5088561273305434
rf_tuned,2,10,1.1102045458362442,0.6685213265286636
rf_tuned,3,10,1.0177339219445483,0.6021950047204819
rf_tuned,4,10,1.0531070699955702,0.623321253059034
rf_tuned,5,10,0.9890679136234128,0.591806596149925
rf_tuned,6,10,0.9485895032741205,0.5744379586474022
rf_tuned,7,10,0.9656261871668219,0.5740210577828512
rf_tuned,8,10,1.0219629966371322,0.6269023580982138
rf_tuned,9,10,1.0966065619739718,0.6619011388398643
rf_tuned,10,10,1.1440646635567426,0.6821289847117837
rf_tuned,11,10,1.2011271018181118,0.7376125329706047
rf_tuned,12,10,0.9405924660886414,0.5609499045835298
rf_tuned,13,10,0.8401324177870348,0.48182182758493264
rf_tuned,14,10,1.028117629857391,0.6121582373026502
rf_tuned,15,10,1.2016402324211615,0.7510290913925048
rf_tuned,16,10,1.206204112505999,0.7551427512254542
rf_tuned,17,10,0.9561116541594163,0.5640726575938559
rf_tuned,18,10,1.031102086653955,0.623880808689531
rf_tuned,19,10,1.0477259063421918,0.6379119315629149
rf_tuned,20,10,0.9665521382527882,0.5618500483116514
rf_tuned,21,10,0.8587428699987372,0.4988235320617096
rf_tuned,22,10,1.054421242463296,0.6164219125180339
rf_tuned,23,10,1.1796579038577546,0.723367740703153
rf_tuned,24,10,0.7930083970630434,0.46071724675081427
rf_tuned,25,10,1.2687858131106158,0.7629930239644238
rf_tuned,26,10,0.866762492154024,0.4963645922656633
rf_tuned,27,10,0.9071886237611304,0.5283514200729509
rf_tuned,28,10,0.9148820460298334,0.53724500942608
rf_tuned,29,10,1.0007513807639656,0.5909754456559116
rf_tuned,30,10,0.9104515486636637,0.524343136421861
rf_tuned,31,10,0.9925701767681161,0.6028707587048227
rf_tuned,32,10,0.9474753300366825,0.5612810578051459
rf_tuned,33,10,0.8065067925801161,0.4615228233165548
rf_tuned,34,10,1.1137020323819282,0.6683032556687886
rf_tuned,35,10,1.2244777017729433,0.7655946734828594
rf_tuned,36,10,0.8227053390521727,0.4716938725728531
rf_tuned,37,10,1.0121441354721699,0.6063681063526671
rf_tuned,38,10,1.011554743137973,0.5999020688405262
rf_tuned,39,10,1.1668801787625633,0.705043922166405
rf_tuned,40,10,1.0145714554360865,0.6054850606113135
rf_tuned,41,10,0.8774947202142688,0.5099072483401188
rf_tuned,42,10,1.1015984536518297,0.6663948839793805
rf_tuned,43,10,1.114118300432572,0.687411729422384
rf_tuned,44,10,0.8957377977723349,0.5226733706462385
rf_tuned,45,10,0.9776925950955823,0.5812320832905671
rf_tuned,46,10,0.9129431113889425,0.537348910366478
rf_tuned,47,10,0.956095796532644,0.5624585608772901
rf_tuned,48,10,0.9090344951585564,0.5315686982111234
rf_tuned,49,10,0.9744506944649455,0.5761293685225783
rf_tuned,50,10,0.9128328805297732,0.5378940258753746
rf_tuned,51,10,1.1519348088459052,0.704396269491875
rf_tuned,52,10,0.9458039679964771,0.5563298829242187
rf_tuned,53,10,0.8439310143080029,0.48777543611351
rf_tuned,54,10,0.9520824405671384,0.5660676593533769
rf_tuned,55,10,0.9360917902252789,0.5509442692866686
rf_tuned,56,10,1.2727375522005342,0.8016705848931156
rf_tuned,57,10,1.033703983588722,0.6211891506519212
rf_tuned,58,10,1.1431271311861428,0.7135321732582303
rf_tuned,59,10,1.336027570300978,0.8413037348310469
rf_tuned,60,10,1.2448787641287196,0.7655726099517313
rf_tuned,61,10,0.9194438093808726,0.5364639099753388
rf_tuned,62,10,0.9825850344097194,0.5798993916933137
rf_tuned,63,10,1.1513102890351294,0.7078718388521895
rf_tuned,64,10,1.1364796690192567,0.7027917227966572
rf_tuned,65,10,0.9158324639041812,0.5323986644735808
rf_tuned,66,10,1.1947558691583307,0.740013856369172
rf_tuned,67,10,1.188594744146842,0.7420440536103416
rf_tuned,68,10,1.0654127831858897,0.6425110821351178
rf_tuned,69,10,1.1166650599664678,0.6667021720757853
rf_tuned,70,10,0.9751734703642455,0.5833151493758009
rf_tuned,71,10,0.8708849371273406,0.5066537253305109
rf_tuned,72,10,1.111688842278964,0.6796417508402868
rf_tuned,73,10,1.0253426464438575,0.6123700320270512
rf_tuned,74,10,0.9540683915202782,0.5660944574281503
rf_tuned,75,10,1.2240205271541331,0.751090313912082
rf_tuned,overall,760,1.0238182803134612,0.6137079718877149
rf_recency,0,10,0.9764898995963305,0.5809415651245106
rf_recency,1,10,0.8738535555500802,0.50756818911061
rf_recency,2,10,1.0839495171904983,0.6514900430794026
rf_recency,3,10,1.018879378554677,0.6028494537351319
rf_recency,4,10,1.0375127358902752,0.6150868303796987
rf_recency,5,10,0.9892921649366129,0.5928899211551949
rf_recency,6,10,0.9451385201298903,0.5726669721650696
rf_recency,7,10,0.9804561066923707,0.5837568610276402
rf_recency,8,10,1.0311504844831108,0.6344011510496725
rf_recency,9,10,1.0931495148967643,0.661912329361637
rf_recency,10,10,1.1428783858939338,0.6851968478026794
rf_recency,11,10,1.220379059805301,0.747093317153494
rf_recency,12,10,0.9394149135953545,0.5597499884463784
rf_recency,13,10,0.8535809104060508,0.4890584108798096
rf_recency,14,10,1.0229826783886928,0.6089839012187175
rf_recency,15,10,1.2073667503679752,0.7533757181781449
rf_recency,16,10,1.2189057831224055,0.7643083559777819
rf_recency,17,10,0.9520723761944254,0.5621841034708651
rf_recency,18,10,1.0260628948014756,0.6228187271792839
rf_recency,19,10,1.032259083562833,0.6323256128616086
rf_recency,20,10,0.9765817895132146,0.5702597292942546
rf_recency,21,10,0.8626352879006032,0.5018177046869201
rf_recency,22,10,1.0640195026093349,0.6210038934843495
rf_recency,23,10,1.1822787850321466,0.7287802458480701
rf_recency,24,10,0.803764980302822,0.4671881782905354
rf_recency,25,10,1.2249652386430945,0.7296317071315449
rf_recency,26,10,0.8699985334701219,0.49897214672546275
rf_recency,27,10,0.8890166597508398,0.5176827936275787
rf_recency,28,10,0.9055204953429612,0.5296207615048075
rf_recency,29,10,1.0219776432230894,0.6076484962783546
rf_recency,30,10,0.9177962201425535,0.5279136302904919
rf_recency,31,10,1.0068150681994417,0.6118018082403262
rf_recency,32,10,0.963490564523495,0.5710824635281171
rf_recency,33,10,0.8057028281961134,0.46040694092109724
rf_recency,34,10,1.1308727417579134,0.6809231738581825
rf_recency,35,10,1.2197485103911887,0.7639932784817148
rf_recency,36,10,0.8263978842003581,0.47493434741555357
rf_recency,37,10,1.0201338806200473,0.6114930638501195
rf_recency,38,10,1.0308520960315273,0.6144749465802136
rf_recency,39,10,1.1451242680200142,0.6905016614644233
rf_recency,40,10,1.006632793415189,0.6008057075332683
rf_recency,41,10,0.8822373844662186,0.5135348309283965
rf_recency,42,10,1.1029152032900433,0.665830153176692
rf_recency,43,10,1.086146345354986,0.667517068919954
rf_recency,44,10,0.918785689796344,0.5400379685755938
rf_recency,45,10,0.9817988351855208,0.5857583393508728
rf_recency,46,10,0.9079744735062001,0.5328681119914047
rf_recency,47,10,0.9440744163299835,0.5528179986937115
rf_recency,48,10,0.920745220139791,0.5399780786817044
rf_recency,49,10,0.9932792398421263,0.5889447649875225
rf_recency,50,10,0.9231781904980068,0.5469377697771656
rf_recency,51,10,1.1605741230068443,0.7119424585764682
rf_recency,52,10,0.9252180348279037,0.5419228622444677
rf_recency,53,10,0.8396935720109194,0.4860655370753137
rf_recency,54,10,0.9471848402124017,0.5622125829716913
rf_recency,55,10,0.9308167103374876,0.5487125054091341
rf_recency,56,10,1.2500964182394962,0.7861331366237098
rf_recency,57,10,1.0664751450935614,0.6453186306005264
rf_recency,58,10,1.149379555442813,0.7243398158641874
rf_recency,59,10,1.348177489075729,0.8474172168568062
rf_recency,60,10,1.255965065769244,0.768206405016292
rf_recency,61,10,0.9376229620998411,0.5496285769898964
rf_recency,62,10,0.9870030843449886,0.5820539975738525
rf_recency,63,10,1.1452274205220743,0.7042187287123713
rf_recency,64,10,1.1120471700866614,0.6865122947878836
rf_recency,65,10,0.9282591359231992,0.5400189609098905
rf_recency,66,10,1.1938819933092202,0.7398866804482438
rf_recency,67,10,1.1769173528578578,0.7329895209217611
rf_recency,68,10,1.0861403520195902,0.6557577257646743
rf_recency,69,10,1.1106224494990344,0.6614082704980186
rf_recency,70,10,0.956581096419043,0.5708929840904322
rf_recency,71,10,0.8720722407109662,0.5082183930478434
rf_recency,72,10,1.1097821874295881,0.6764525167020612
rf_recency,73,10,1.0147685833747577,0.6058855233181563
rf_recency,74,10,0.9462662264083818,0.5633201597234742
rf_recency,75,10,1.2410630109330465,0.7613477476184771
rf_recency,overall,760,1.0246456803119606,0.6145353065239654
rf_calibrated,0,10,1.0352203733937557,0.6230349712049992
rf_calibrated,1,10,0.9054361454657348,0.5237154221766454
rf_calibrated,2,10,1.0951204523849207,0.6727434678426709
rf_calibrated,3,10,1.0193676833878165,0.6046439564798105
rf_calibrated,4,10,1.0468350690786932,0.6223426148983893
rf_calibrated,5,10,0.977720905014818,0.5858349814129364
rf_calibrated,6,10,0.9341803332760458,0.5707563099720898
rf_calibrated,7,10,0.9304013827277113,0.5376961587011021
rf_calibrated,8,10,1.0283064477999635,0.6324909934796472
rf_calibrated,9,10,1.0924381169585051,0.6620207468052202
rf_calibrated,10,10,1.1356506144042018,0.6736820792615562
rf_calibrated,11,10,1.1897701528320437,0.7226607884790928
rf_calibrated,12,10,0.9311616065821229,0.5571605582265018
rf_calibrated,13,10,0.8611793739483151,0.4995576668745282
rf_calibrated,14,10,1.0385462529466252,0.6145845869461953
rf_calibrated,15,10,1.1782611040200845,0.7389593612435995
rf_calibrated,16,10,1.1911539967947298,0.7439730779005299
rf_calibrated,17,10,0.9431654041103874,0.5532028623352907
rf_calibrated,18,10,1.0083952553555677,0.6078633034421145
rf_calibrated,19,10,1.0222487268551572,0.6252921648344854
rf_calibrated,20,10,0.9826951250603896,0.5741811751394538
rf_calibrated,21,10,0.834873710066718,0.4855642442916352
rf_calibrated,22,10,1.0175280194547158,0.5971730571079068
rf_calibrated,23,10,1.2113541078587928,0.7375293772352418
rf_calibrated,24,10,0.8350362702693254,0.4844960036747866
rf_calibrated,25,10,1.2759224731628707,0.770680834056662
rf_calibrated,26,10,0.9161066063608363,0.5337724707183853
rf_calibrated,27,10,0.9220575384805265,0.5406062978030097
rf_calibrated,28,10,0.941776052893673,0.5564719675496701
rf_calibrated,29,10,0.9830121402940453,0.5844994608063875
rf_calibrated,30,10,0.9625062054317416,0.5623601673446921
rf_calibrated,31,10,0.9874757413278819,0.5944289760843482
rf_calibrated,32,10,0.893201617578316,0.5220696771203557
rf_calibrated,33,10,0.8361184561549578,0.48118063045969295
rf_calibrated,34,10,1.075836712320626,0.6478714366102915
rf_calibrated,35,10,1.1711545914145254,0.7380238190661154
rf_calibrated,36,10,0.8943616898669975,0.5168032443958015
rf_calibrated,37,10,1.040883899264805,0.6178771968610738
rf_calibrated,38,10,1.000849467073164,0.6024369328529438
rf_calibrated,39,10,1.153304288099476,0.6917343275774165
rf_calibrated,40,10,1.0204642381303928,0.6076779252893811
rf_calibrated,41,10,0.914544346181249,0.539308663020784
rf_calibrated,42,10,1.1221516485870895,0.6785540713760876
rf_calibrated,43,10,1.1231559732263705,0.6919456342244239
rf_calibrated,44,10,0.8926768966285797,0.5233271862995877
rf_calibrated,45,10,0.9629760429682312,0.565740117261036
rf_calibrated,46,10,0.9753947163530977,0.5771841137584912
rf_calibrated,47,10,0.9832464790397062,0.5883889442075467
rf_calibrated,48,10,0.9184279540909875,0.5413021105820115
rf_calibrated,49,10,1.0242154858941512,0.6098131835852836
rf_calibrated,50,10,0.9321200572524647,0.5489586973319667
rf_calibrated,51,10,1.0951735487446312,0.6650175498733397
rf_calibrated,52,10,0.9497648425172655,0.5598358204602835
rf_calibrated,53,10,0.8802154886929705,0.5150845794171935
rf_calibrated,54,10,0.9139998236861082,0.5401868596741386
rf_calibrated,55,10,0.9201900897189633,0.5345090143476282
rf_calibrated,56,10,1.2600177192558537,0.7980174567789102
rf_calibrated,57,10,1.0052389695132296,0.6025554964824067
rf_calibrated,58,10,1.0931306594552799,0.6802788678778826
rf_calibrated,59,10,1.3406820674729216,0.8491744841634071
rf_calibrated,60,10,1.2593848461709138,0.7688585771688603
rf_calibrated,61,10,0.935648164997386,0.5497082850940278
rf_calibrated,62,10,1.0132710785712937,0.599136757195775
rf_calibrated,63,10,1.144258931228763,0.7043103686019103
rf_calibrated,64,10,1.1188936338117925,0.6946710917088594
rf_calibrated,65,10,0.9300220796571962,0.5439401573116791
rf_calibrated,66,10,1.206608870551961,0.7389716642411579
rf_calibrated,67,10,1.1906704033727065,0.742129330796571
rf_calibrated,68,10,1.103796520826556,0.6714551231126092
rf_calibrated,69,10,1.1226349368339033,0.6727298715531752
rf_calibrated,70,10,1.021674216795279,0.617814265878521
rf_calibrated,71,10,0.8934608511641132,0.5236384709066277
rf_calibrated,72,10,1.1426808396807462,0.7033892441666169
rf_calibrated,73,10,0.9930840886383351,0.5977074426883602
rf_calibrated,74,10,1.0110875174748422,0.6061343650669105
rf_calibrated,75,10,1.1661611203163509,0.7099502843420417
rf_calibrated,overall,760,1.0273913060167534,0.6167550453305102
